id,name,artist_id,artist_name,added_at,duration_ms,release_date,explicit,popularity,preview_url,image_url
1AO273oogzWXHmXckUHipk,Talk,536BYVgOnRky0xjsPT96zl,Two Door Cinema Club,2021-02-27T10:19:55Z,264030,2019-06-21,False,37,https://p.scdn.co/mp3-preview/78c04d25561ff5ee0bff9a6df6297bfa41bb30ae?cid=774b29d4f13844c495f206cafdad9c86,https://i.scdn.co/image/ab67616d0000b2730c5a7d464efdf56405c084a0
3BM9q7X1x6KjnozxDV1VlD,King Kong,52NOvMXEjgf8MQl0qop2dl,Pigeons Playing Ping Pong,2021-02-23T12:32:02Z,241704,2020-01-24,False,30,https://p.scdn.co/mp3-preview/bf2c6e65f9932fcb8fd483ab9f255be5cddcfaf6?cid=774b29d4f13844c495f206cafdad9c86,https://i.scdn.co/image/ab67616d0000b27341c0618ab47a381b8039f2ea
6linlPbVWEecMEMfNcul1e,Senor Mouse,4iovNkf44dsELmo3E7XSKX,Gary Burton,2021-02-23T12:19:44Z,377706,1973-04-16,False,53,https://p.scdn.co/mp3-preview/22531d8bf4e98b875de9b739731e27ecab43bc8f?cid=774b29d4f13844c495f206cafdad9c86,https://i.scdn.co/image/ab67616d0000b273f2edcbbf05823b266c2dcf49
3Ofmpyhv5UAQ70mENzB277,Astronaut In The Ocean,1uU7g3DNSbsu0QjSEqZtEd,Masked Wolf,2021-02-13T17:59:47Z,132780,2021-01-06,False,94,https://p.scdn.co/mp3-preview/2e22af4d4df81ad154adfb8fa6b1ab7f030e33db?cid=774b29d4f13844c495f206cafdad9c86,https://i.scdn.co/image/ab67616d0000b27384350b406522fc53c1b2a621
1dI77VhaLcQSgQLSnIs03D,Levitating,6M2wZ9GZgrQXHCFfjv46we,Dua Lipa,2021-01-22T16:11:09Z,203807,2020-03-27,False,64,https://p.scdn.co/mp3-preview/15e65d052d726b0b7dd4bbff82a02a0537e3995b?cid=774b29d4f13844c495f206cafdad9c86,https://i.scdn.co/image/ab67616d0000b273ba1fe13f70fffa7430cb3cd1
7toYVidBIpAmM8Ife3LGrP,Physical,6M2wZ9GZgrQXHCFfjv46we,Dua Lipa,2021-01-22T16:11:05Z,193829,2020-03-27,False,62,https://p.scdn.co/mp3-preview/fa1eb265d7f5a5c0e13b9038f77772ad17ad74ec?cid=774b29d4f13844c495f206cafdad9c86,https://i.scdn.co/image/ab67616d0000b273ba1fe13f70fffa7430cb3cd1
4LihUZcWy0B6lGLqcJ8u9B,New Rules,6M2wZ9GZgrQXHCFfjv46we,Dua Lipa,2021-01-16T08:01:35Z,212000,2017-06-02,False,61,https://p.scdn.co/mp3-preview/fa38010d4781ba002a495c7da20c5cbd66d83a7b?cid=774b29d4f13844c495f206cafdad9c86,https://i.scdn.co/image/ab67616d0000b2738273394e70d47a9f76a6678f
6WrI0LAC5M1Rw2MnX2ZvEg,Don't Start Now,6M2wZ9GZgrQXHCFfjv46we,Dua Lipa,2021-01-16T08:01:25Z,183290,2019-10-31,False,84,https://p.scdn.co/mp3-preview/ed151225213380a41e5c4af00ff558e25b5875d1?cid=774b29d4f13844c495f206cafdad9c86,https://i.scdn.co/image/ab67616d0000b2738583df1a14bea9175f9ac520
0g6NRQZ2J3d3G9B8CoB3GD,the tryst after death,6LtwY43IVeNpnireOVay0H,the olllam,2021-01-14T17:28:25Z,375200,2012-09-25,False,35,https://p.scdn.co/mp3-preview/1f9b9643cd35f28b50a2c3e6cfd7a4e2652f0606?cid=774b29d4f13844c495f206cafdad9c86,https://i.scdn.co/image/ab67616d0000b273739d8bbf93ed3d289219a15d
2CCzZYCwAJ8l147yQRNMC6,Funktionality,1oYScdotTIXO74h10l8ISA,Redtenbacher's Funkestra,2021-01-14T17:15:59Z,187276,2015-01-27,False,33,https://p.scdn.co/mp3-preview/957511876911015965bab1764c564bb522c48adc?cid=774b29d4f13844c495f206cafdad9c86,https://i.scdn.co/image/ab67616d0000b2732e9fd1e9412b1e48746a9a96
1Nz4KHTLNnnc2Wl6teppUR,Ready?,4ZBnxeDmHTLJZPQWmbINhu,MIDORINOMARU,2021-01-14T17:05:03Z,275251,2019-08-21,False,35,https://p.scdn.co/mp3-preview/d8f27356048c4ba48ddebe2ac6e0fec777854335?cid=774b29d4f13844c495f206cafdad9c86,https://i.scdn.co/image/ab67616d0000b2734a462cf7ba683addb9944997
5AtCFLGZKrv4FAf5L95EZr,Land Animal,69f5J6OIgAP1G54zQfesv1,Bent Knee,2021-01-14T16:48:51Z,313613,2017-06-23,False,31,https://p.scdn.co/mp3-preview/be3d9ec83af2b7a2a2654ba5545309a1f033a22c?cid=774b29d4f13844c495f206cafdad9c86,https://i.scdn.co/image/ab67616d0000b273b3e6b1494af0def99c9d80f0
1L5Jd46CLTKNcfq0HHolCF,Five in the Morning,19lQ2rJLlP71FOKESiMNJT,Ripe,2021-01-14T16:42:07Z,190026,2020-01-10,False,47,https://p.scdn.co/mp3-preview/efb4def7d7f20f89e557a5532fe991604d91609d?cid=774b29d4f13844c495f206cafdad9c86,https://i.scdn.co/image/ab67616d0000b2734dfe7356c534655c28e421b1
22UDw8rSfLbUsaAGTXQ4Z8,American Boy,5T0MSzX9RC5NA6gAI6irSn,Estelle,2020-12-25T21:41:25Z,284733,2008-03-28,True,79,https://p.scdn.co/mp3-preview/c5ee61bf5c6c01d923aec35b6f52df76ac651bfb?cid=774b29d4f13844c495f206cafdad9c86,https://i.scdn.co/image/ab67616d0000b273b0b30ef77be3523c8018810c
1ZqeykOaDmjkldzs7XGR4b,Where Angels Fear To Tread,6nS5roXSAGhTGr34W6n7Et,Disclosure,2020-12-23T15:56:56Z,225906,2018-08-20,False,61,https://p.scdn.co/mp3-preview/85d9af0c389bdf296770a182a7d71940aed29b75?cid=774b29d4f13844c495f206cafdad9c86,https://i.scdn.co/image/ab67616d0000b27358742932108a66bf62da9daa
3Hdyew44QadRbxJx5f3T3D,Something About Us,5dHfLBNU8zoypgKefzEB1c,Pomplamoose,2020-12-23T15:13:39Z,217682,2020-05-05,False,41,https://p.scdn.co/mp3-preview/72dc2c363a440cdcf96c6c1f32b7aa973d17f19c?cid=774b29d4f13844c495f206cafdad9c86,https://i.scdn.co/image/ab67616d0000b273031d236bb620bc6415248cb3
0KEnFRGX87MPrH0FOAAkmw,Lights,2s2izwM5DBKt4BkK00CEnw,Brother Zulu,2020-12-23T15:12:01Z,257020,2020-04-08,False,40,https://p.scdn.co/mp3-preview/2c4ea488292551bfde07dd8625b917a1da9f4e9a?cid=774b29d4f13844c495f206cafdad9c86,https://i.scdn.co/image/ab67616d0000b27344d6c931bab0bf7015a54eef
14dCt3xXZvmoqorYnxspSj,Youniverse,5ZOKvzD4GQ7Yg2CS4CVbRb,Tee Lopes,2020-12-23T14:48:26Z,282616,2018-12-16,False,35,https://p.scdn.co/mp3-preview/4408a655a60fea3b195c97927360e6abb24d9aa3?cid=774b29d4f13844c495f206cafdad9c86,https://i.scdn.co/image/ab67616d0000b273340db6ce65ea029528457f5a
5SWDPgL0V0z52CsbvPEOVF,Better,5Kd7e5lauV4CDdTHm5uiJH,corto.alto,2020-12-23T14:36:01Z,249294,2019-08-16,True,31,https://p.scdn.co/mp3-preview/88d5ea66f5a4363a4eb4c2fe473a9fd10c6d71c7?cid=774b29d4f13844c495f206cafdad9c86,https://i.scdn.co/image/ab67616d0000b2734a7a64372babf5004a871d36
6HnZTppnliARy1ZkPZmjJV,Candlelight,7nC05zmJukRGYObQeRgg3x,Jack Savoretti,2020-12-03T19:35:17Z,271586,2019-03-15,False,40,https://p.scdn.co/mp3-preview/bac693a9593d4bb204e45b3f01b2fe51498d4d79?cid=774b29d4f13844c495f206cafdad9c86,https://i.scdn.co/image/ab67616d0000b273dd09e2775bf604aec0bed9fc
1DFD5Fotzgn6yYXkYsKiGs,Piece Of Your Heart,0xRXCcSX89eobfrshSVdyu,MEDUZA,2020-09-15T21:59:02Z,152913,2019-02-01,False,81,https://p.scdn.co/mp3-preview/8755c18fb7a8908c166200d1b4d35639a9b07dd9?cid=774b29d4f13844c495f206cafdad9c86,https://i.scdn.co/image/ab67616d0000b273ead13021d0f2957958081f28
09sxuUVWREsKJcNWdhH1qS,A Night on the Town,51lE580QM13Anmb3mK2j1e,The Dear Hunter,2020-08-21T07:32:08Z,540184,2015-09-04,False,25,https://p.scdn.co/mp3-preview/eb8c6795654646a4491fd965245399d08043311b?cid=774b29d4f13844c495f206cafdad9c86,https://i.scdn.co/image/ab67616d0000b273fb2683e84f4bb4d51c9f7afc
3ho676UrO1qCIY0gKHs8kN,Red Hands,51lE580QM13Anmb3mK2j1e,The Dear Hunter,2020-08-21T07:12:07Z,367333,2007-05-22,False,38,https://p.scdn.co/mp3-preview/41319490e2b4e93b554e436b0a4dceee1e788d89?cid=774b29d4f13844c495f206cafdad9c86,https://i.scdn.co/image/ab67616d0000b273ec090c5c7b9a81cf9b9b8eec
4KOxCZLwedKjCJlZzr3M9R,Go Get Your Gun,51lE580QM13Anmb3mK2j1e,The Dear Hunter,2020-08-21T07:12:02Z,195960,2009-06-23,False,46,https://p.scdn.co/mp3-preview/7eb48d58098a3a9a8d8625f80bfce72646fefb37?cid=774b29d4f13844c495f206cafdad9c86,https://i.scdn.co/image/ab67616d0000b273b1c0fac88a477a6b8000eced
1A4T3cm5mteRN0nz4AiY7P,Whisper,51lE580QM13Anmb3mK2j1e,The Dear Hunter,2020-08-21T07:11:59Z,240613,2013-04-02,False,44,https://p.scdn.co/mp3-preview/e2766d6ee7e0bfcfc46947a6c0bd5e4656ad4e54?cid=774b29d4f13844c495f206cafdad9c86,https://i.scdn.co/image/ab67616d0000b273899de5a1d0259461a5f93ee6
059CXpVfKGd3G1Ml2ca95n,The Lake and the River,51lE580QM13Anmb3mK2j1e,The Dear Hunter,2020-08-21T06:55:14Z,586440,2007-05-22,False,35,https://p.scdn.co/mp3-preview/fc2c2883fd436fe25287ebb5367b9452a57c84cd?cid=774b29d4f13844c495f206cafdad9c86,https://i.scdn.co/image/ab67616d0000b273ec090c5c7b9a81cf9b9b8eec
2nYYsMqbbuybDaDoiFkUWH,Flyers Direct,1JyLSGXC3aWzjY6ZdxvIXh,The Fearless Flyers,2020-08-21T06:50:24Z,164020,2019-05-03,False,39,https://p.scdn.co/mp3-preview/ae5c11333f184c83bc5767d939cd16ed806f0f0c?cid=774b29d4f13844c495f206cafdad9c86,https://i.scdn.co/image/ab67616d0000b273e7b37047f0df9aabfae71e7f
7eMBDipvMwVnYiMe0yrS5x,Perdus,3QVolfxko2UyCOtexhVTli,Angèle,2020-08-19T18:21:51Z,183682,2019-10-10,False,54,https://p.scdn.co/mp3-preview/7f5131593e3cb78ad2c7b16c635eef09e2ecbdf4?cid=774b29d4f13844c495f206cafdad9c86,https://i.scdn.co/image/ab67616d0000b2734dfa92474b1989012165b1e8
1jji1sWxZOo7eWnXifT7yP,Spain,5olDKSsFhhmwh8UCWwKtpq,Chick Corea,2020-08-17T09:46:56Z,333666,1998-01-01,False,52,https://p.scdn.co/mp3-preview/f5f83045c94db559c23b5cfe9f4fb125424eed36?cid=774b29d4f13844c495f206cafdad9c86,https://i.scdn.co/image/ab67616d0000b2739533b590f083380ad586a589
6IAc8O7MiS2lJiTabpjC7S,Chick's Pain,07icU8dCi2MTeBGuvN8NyL,Mathieu Fiset,2020-08-13T11:38:06Z,217442,2012-03-13,False,40,https://p.scdn.co/mp3-preview/b2bd8331be6e0ede1b9546422e04c879b0f808aa?cid=774b29d4f13844c495f206cafdad9c86,https://i.scdn.co/image/ab67616d0000b273790a851de091aaa1a8bd3ea1
2D0dj3hVkRQJCp63cxCPEx,Stunnin' (feat. Harm Franklin),2JbE7jUIGtpXSzytnyMg6U,Curtis Waters,2020-08-12T18:02:21Z,144000,2020-05-19,True,74,https://p.scdn.co/mp3-preview/c808d021da89d90917ec14086eb93d79182c6fd9?cid=774b29d4f13844c495f206cafdad9c86,https://i.scdn.co/image/ab67616d0000b273c8e201b69f790a7c6e7e1429
2Z8WuEywRWYTKe1NybPQEW,Ride,3YQKmKGau1PzlVlkL1iodx,Twenty One Pilots,2020-08-05T16:26:55Z,214506,2015-05-15,False,81,https://p.scdn.co/mp3-preview/26fc2318d6ebad09ae7aed7adfce2b28413cea7e?cid=774b29d4f13844c495f206cafdad9c86,https://i.scdn.co/image/ab67616d0000b273de03bfc2991fd5bcfde65ba3
6aItr4QSjH0GRhwvBPOUps,Point of You,3swwiYEQQzPNGvMdEhqReR,Twelve Foot Ninja,2020-07-31T15:03:10Z,215157,2016-08-26,False,36,https://p.scdn.co/mp3-preview/90862707c9a046285b8a73287491e8b30638f02b?cid=774b29d4f13844c495f206cafdad9c86,https://i.scdn.co/image/ab67616d0000b273ca727911e1d5fdf3e498c4bb
7r2vvsMQYowwVrQp4lHKAG,Edo,18eCkyTgJAxzinpbmJnY7p,iwamizu,2020-07-31T14:57:48Z,170234,2016-10-07,False,44,https://p.scdn.co/mp3-preview/009c39559ccac17e6b9eb4fbaa3b775a09987b38?cid=774b29d4f13844c495f206cafdad9c86,https://i.scdn.co/image/ab67616d0000b273bf8be6fb61907878fca253ed
7EukEGV0hnam1abK6mfnxK,Working In Peejays,4j5O0d9dCAcoaTc5uA6sOT,Complexive,2020-07-31T14:30:34Z,285333,2018-07-29,False,38,https://p.scdn.co/mp3-preview/328bc29170ca4208c15d16135552c4f92070d250?cid=774b29d4f13844c495f206cafdad9c86,https://i.scdn.co/image/ab67616d0000b2738aa82188089601972594d288
14o9zSrPyp6zFhnroeSJKg,Break,4sGfNIfA14nKOKNi9NNQ12,LVTHER,2020-07-31T14:19:18Z,163155,2020-04-08,True,28,https://p.scdn.co/mp3-preview/d0753fe7af05fb60c4d20c871ffe926264a9ff3c?cid=774b29d4f13844c495f206cafdad9c86,https://i.scdn.co/image/ab67616d0000b2733e7237bb30037dd36120102c
3bH4HzoZZFq8UpZmI2AMgV,New Light,0hEurMDQu99nJRq8pTxO14,John Mayer,2020-07-14T11:18:18Z,216014,2018-05-10,False,77,https://p.scdn.co/mp3-preview/213ffa7ca413185c59a8811102048c07cd74494d?cid=774b29d4f13844c495f206cafdad9c86,https://i.scdn.co/image/ab67616d0000b27321f02a52720857a42bba5417
2LsbizbOeNa4x6qsi2jAMb,La flaca,5B6H1Dq77AV1LZWrbNsuH5,Jarabe De Palo,2020-06-15T15:19:32Z,261200,1996-09-30,False,72,https://p.scdn.co/mp3-preview/de8001a943205b7ac3ebc910633a5e67421e2c41?cid=774b29d4f13844c495f206cafdad9c86,https://i.scdn.co/image/ab67616d0000b27347a83522c634e84f937a897e
0G2tHYsAHueVaPhTTBbVna,The Golden Age,44TGR1CzjKBxSHsSEy7bi9,Woodkid,2020-06-04T12:02:45Z,224720,2013-01-01,False,51,https://p.scdn.co/mp3-preview/186cf8297275bac4dff44a540ea16cf38c817522?cid=774b29d4f13844c495f206cafdad9c86,https://i.scdn.co/image/ab67616d0000b273216fa486e2c3e899cacfe6bf
0z39yzkwMNXYX2LYtEOpFW,I Love You,44TGR1CzjKBxSHsSEy7bi9,Woodkid,2020-06-04T12:02:42Z,230160,2013-01-01,False,57,https://p.scdn.co/mp3-preview/0a9184a36c62df3b191217c062729c92789e14cb?cid=774b29d4f13844c495f206cafdad9c86,https://i.scdn.co/image/ab67616d0000b273216fa486e2c3e899cacfe6bf
0j1VVFif10Ib9s3U59adli,Iron,44TGR1CzjKBxSHsSEy7bi9,Woodkid,2020-06-04T12:02:39Z,187466,2013-01-01,False,60,https://p.scdn.co/mp3-preview/4d7cbad6bd248b30070080d4ef0a067a7dd9eb6c?cid=774b29d4f13844c495f206cafdad9c86,https://i.scdn.co/image/ab67616d0000b273cb833e941e1ba35590da5c6b
3PBX1t2lv0UfZmoqGNiPI0,Goliath,44TGR1CzjKBxSHsSEy7bi9,Woodkid,2020-06-04T12:02:36Z,228490,2020-04-23,False,47,https://p.scdn.co/mp3-preview/95eb5cd2fe942166fa892fb0d1179e6c29e05bde?cid=774b29d4f13844c495f206cafdad9c86,https://i.scdn.co/image/ab67616d0000b273ba134b964a5818f3f84b7274
0boS4e6uXwp3zAvz1mLxZS,Run Boy Run,44TGR1CzjKBxSHsSEy7bi9,Woodkid,2020-06-04T12:02:33Z,213266,2013-01-01,False,71,https://p.scdn.co/mp3-preview/84f2a56be080060d0903902806d6a7a04091f662?cid=774b29d4f13844c495f206cafdad9c86,https://i.scdn.co/image/ab67616d0000b273216fa486e2c3e899cacfe6bf
72ahyckBJfTigJCFCviVN7,Don't Bring Me Down,7jefIIksOi1EazgRTfW2Pk,Electric Light Orchestra,2020-06-04T12:02:00Z,243373,1979-05-31,False,72,https://p.scdn.co/mp3-preview/d1beb65ba6e228a6468118bb05f7c9d05611878e?cid=774b29d4f13844c495f206cafdad9c86,https://i.scdn.co/image/ab67616d0000b273c18cc9d6fcea1478b1257678
1pOkWIJCshtoREcAcXmYSk,AMOUR,6wWVKhxIU2cEi0K81v7HvP,Rammstein,2020-05-12T15:09:16Z,290906,2004-09-27,False,51,https://p.scdn.co/mp3-preview/20350d0cc431e587984aa9930fd8a7c66a6f9a1b?cid=774b29d4f13844c495f206cafdad9c86,https://i.scdn.co/image/ab67616d0000b273cbe7573e1175f842e24b34c2
0b6wdul3A5sQNpIOv03OxP,Ocean Drive,61lyPtntblHJvA7FMMhi7E,Duke Dumont,2020-02-22T05:37:57Z,206320,2015-07-31,False,72,https://p.scdn.co/mp3-preview/356b7d793ba4754f6ffefb2701ab26d3965e3904?cid=774b29d4f13844c495f206cafdad9c86,https://i.scdn.co/image/ab67616d0000b2732500bcdc1790d13e7ac1a0c0
6Uuj9RYG72i1MTIp2Q8oNf,bury a friend,5dHfLBNU8zoypgKefzEB1c,Pomplamoose,2020-02-13T20:00:31Z,165770,2019-03-29,False,37,https://p.scdn.co/mp3-preview/bd80f91e39e7142e17fd50440e255a9321cbade9?cid=774b29d4f13844c495f206cafdad9c86,https://i.scdn.co/image/ab67616d0000b273edea4f02fb06057b0323914c
0EluCWYKiEzHcbtosKKdJH,Feel It Still,5dHfLBNU8zoypgKefzEB1c,Pomplamoose,2020-02-13T19:59:01Z,168711,2018-12-04,False,33,https://p.scdn.co/mp3-preview/4b759816f1c59bc0f287bb21a86d49b8829249a2?cid=774b29d4f13844c495f206cafdad9c86,https://i.scdn.co/image/ab67616d0000b273f9fb8bb8dfa5cd99d1d6cfc9
0kJQ1MZlUWj2DnQBTXEYLU,Don't Want This to Be Over,7c5qu1gNlg8jWDzzmlp89O,Kraak & Smaak,2020-01-10T15:29:33Z,317143,2019-08-30,False,0,,https://i.scdn.co/image/ab67616d0000b2731be06f004a7bf6cf51ef6361
3wIaEJBWocqvyzdHgLyv5j,Wise Willis,0uyK6faAhm4CYcf1OhP38V,The Funky Knuckles,2019-12-06T11:35:26Z,528146,2016-06-10,False,0,,https://i.scdn.co/image/ab67616d0000b273c4e5f67a1512d4d73dbf95c1
3xMu4Wg3P5POf68fARcAsO,Swagism,55BOGnEb0pUuAgbxAwwbKV,Ghost-Note,2019-12-06T11:07:27Z,248346,2018-04-20,False,0,,https://i.scdn.co/image/ab67616d0000b273b071ad18324db0cd9237f66f
01vv2AjxgP4uUyb8waYO5Y,Morph,3YQKmKGau1PzlVlkL1iodx,Twenty One Pilots,2019-12-05T17:34:48Z,258853,2018-10-05,False,65,https://p.scdn.co/mp3-preview/ea397fadfb026db6abbe2ebab227e5148893ca90?cid=774b29d4f13844c495f206cafdad9c86,https://i.scdn.co/image/ab67616d0000b273768828c6867cd0472fc84e4d
6gVdfzqreU09N8aBCQ5Aun,Pirate Muse,2eBmUbHKMQCAdD824cSiIL,Feed Me Jack,2019-12-05T17:15:20Z,236500,2015-06-05,False,37,https://p.scdn.co/mp3-preview/e84a703479e0232daf4bc255f9847d63aa58d11a?cid=774b29d4f13844c495f206cafdad9c86,https://i.scdn.co/image/ab67616d0000b273abbec45828f51110447098cb
6rZtlYru44l92npSBTbUN7,Mother May I Sleep With Danger?,5XMyhVhi5ZN2pi0Qwi1zXS,Joy Crookes,2019-11-19T14:58:56Z,207706,2018-07-13,False,55,https://p.scdn.co/mp3-preview/ea2190981d75d9669f80736fb259169ed5a0176d?cid=774b29d4f13844c495f206cafdad9c86,https://i.scdn.co/image/ab67616d0000b273d6f4c3ca2eb2eff8e54ecf5c
4LJjGN2N2ZikfGYoU5a6GJ,HAL,2QjVv1gkLn8XkQxVndgLHF,Bill Laurance,2019-11-01T16:56:57Z,262823,2019-03-29,False,19,https://p.scdn.co/mp3-preview/56ae67e68d93780b02f66704a3c9e29d19874329?cid=774b29d4f13844c495f206cafdad9c86,https://i.scdn.co/image/ab67616d0000b27339e7530e8b9a05791b89bad3
2wJAqXywuH16SybBwJsBu1,Money in the Desert,2QjVv1gkLn8XkQxVndgLHF,Bill Laurance,2019-11-01T16:56:55Z,356786,2014-05-06,False,27,https://p.scdn.co/mp3-preview/afad537f85df0f7bfe950afab5c189750439c08d?cid=774b29d4f13844c495f206cafdad9c86,https://i.scdn.co/image/ab67616d0000b2739d79304570739ac3a8c74bda
73e0SxQ4gM0CGD3CuUPBwj,The Good Things - Live,2QjVv1gkLn8XkQxVndgLHF,Bill Laurance,2019-11-01T16:56:52Z,531666,2016-11-11,False,0,,https://i.scdn.co/image/ab67616d0000b2738e9331bbad88dcb8e299d5a3
4pCShSPRlTNjXIZPlNXTeM,The Pines,2QjVv1gkLn8XkQxVndgLHF,Bill Laurance,2019-11-01T16:56:49Z,386000,2016-03-04,False,0,,https://i.scdn.co/image/ab67616d0000b2730d49fa122030f04c931728a8
5TVkTJ3sAN8vLcJANoXGAy,December In New York - Live,2QjVv1gkLn8XkQxVndgLHF,Bill Laurance,2019-11-01T16:56:46Z,316440,2016-11-11,False,0,,https://i.scdn.co/image/ab67616d0000b2738e9331bbad88dcb8e299d5a3
6isEar1n136uMh170XZOjx,Stay Safe,072QZuLtCqlAesYnOGY7lN,Tiny Meat Gang,2019-11-01T16:54:27Z,96600,2018-12-20,True,47,https://p.scdn.co/mp3-preview/e62d8eb8f5a90827aad6eaeda77a6141dcec11a6?cid=774b29d4f13844c495f206cafdad9c86,https://i.scdn.co/image/ab67616d0000b2733f77e79cb52cf07399b49921
70FzPO5rw9GACwmf8iXp1q,No Flex,072QZuLtCqlAesYnOGY7lN,Tiny Meat Gang,2019-11-01T16:54:25Z,184347,2018-12-20,True,54,https://p.scdn.co/mp3-preview/bee61bbaeb6d1a0550addc7d31fb0feb8bf3072e?cid=774b29d4f13844c495f206cafdad9c86,https://i.scdn.co/image/ab67616d0000b2733f77e79cb52cf07399b49921
1xFfbxmfenEpn4WawGWXiA,Walk Man,072QZuLtCqlAesYnOGY7lN,Tiny Meat Gang,2019-11-01T16:54:19Z,165937,2019-06-07,True,66,https://p.scdn.co/mp3-preview/d9fa61319621b82d11ee9cee123375cfbad9ea6e?cid=774b29d4f13844c495f206cafdad9c86,https://i.scdn.co/image/ab67616d0000b2735bcae9900745a278542387ec
6URlKrAIlJJwHnHxxXWywt,short kings anthem,2cFrymmkijnjDg9SS92EPM,blackbear,2019-11-01T16:54:15Z,159183,2019-06-21,True,64,https://p.scdn.co/mp3-preview/2fd2956286fc85944601da0507ebcea5b6fbae2f?cid=774b29d4f13844c495f206cafdad9c86,https://i.scdn.co/image/ab67616d0000b273e02d9203d92557e609519260
1d6OOA4PXJGHYnhiL8apar,Missa pro patria: Kyrie,0oY6cmFY2Cj1CInmXJCIZK,Johann Baptist Hilber,2019-10-15T21:52:29Z,142653,2014-01-10,False,0,,https://i.scdn.co/image/039d0ea71979cee34d2a46c7a2372eeb04caa18e
0lvXfUug5YmOHOyHgXufqF,Fake Magic,0UZ1nu3kcdNlCoiKRjmSSY,Peking Duk,2019-10-02T04:52:51Z,167058,2017-06-01,False,54,https://p.scdn.co/mp3-preview/abf52d3bec00df769a2a483a51c84409481b1ffb?cid=774b29d4f13844c495f206cafdad9c86,https://i.scdn.co/image/ab67616d0000b273398ddaead06f9be557093d1b
2Rr4ZOnKXUrzjhMPkmkRjK,Soup for One,0Xf8oDAJYd2D0k3NLI19OV,CHIC,2019-10-02T04:33:56Z,335066,1991,False,54,https://p.scdn.co/mp3-preview/82455847adaf19be88335245f57aedbc701c1d77?cid=774b29d4f13844c495f206cafdad9c86,https://i.scdn.co/image/ab67616d0000b273d52e1afd97221bf55e937454
20YOJ81BuTLbLcBCYnFmQ1,Fantasy,6hfwwpXqZPRC9CsKI7qtv1,Alina Baraz,2019-08-25T01:46:28Z,218947,2015-05-28,False,36,https://p.scdn.co/mp3-preview/98fa601cfa1ee8410f1a693c6fef8becdfbeef09?cid=774b29d4f13844c495f206cafdad9c86,https://i.scdn.co/image/ab67616d0000b273007a21eab15e5d04d5b12ef0
7keQuzpFewU7RnNQSg8C2q,Arsonist's Lullabye,2FXC3k01G6Gw61bmprjgqS,Hozier,2019-07-04T13:17:55Z,266546,2014-01-01,False,39,https://p.scdn.co/mp3-preview/2b0cb7a51593b8a9a0715b8c8568d40cd3ed8bf9?cid=774b29d4f13844c495f206cafdad9c86,https://i.scdn.co/image/ab67616d0000b27314ad70e6aec780a0e3f49c19
7w6PJe5KBPyvuRYxFkPssC,No More Tears,6ZLTlhejhndI4Rh53vYhrY,Ozzy Osbourne,2019-07-03T11:28:11Z,443240,1991-09-17,False,66,https://p.scdn.co/mp3-preview/d84019910d52e25d7cf0a40e558bd3d6ec97f4f6?cid=774b29d4f13844c495f206cafdad9c86,https://i.scdn.co/image/ab67616d0000b273c2b61984b54ad58c8d6fdd19
2P8MOT07PrPiTjqNPKWVsp,The Edge,2Hchwjfl1DioXcIwbOJkus,Grant,2019-07-02T13:55:37Z,193683,2018-10-08,True,56,https://p.scdn.co/mp3-preview/5fa0ff34af7ed177e5cddb8565080d961fdb1b76?cid=774b29d4f13844c495f206cafdad9c86,https://i.scdn.co/image/ab67616d0000b273bc71e75e70d2c880e3722103
5XeIQO9gGkGo54naYVVeJP,Mr. Fear,68NOjWuVYBRXzYwhel3jAl,SIAMES,2019-07-02T12:04:19Z,246508,2016-08-02,False,60,https://p.scdn.co/mp3-preview/3679a9ce2d8028b5257e6dabe4b30dfd3b2908b4?cid=774b29d4f13844c495f206cafdad9c86,https://i.scdn.co/image/ab67616d0000b273b505667bcff9407f104d9320
3WyjKo1AkVRPquVnSb7k64,Departures ~あなたにおくるアイの歌~,0k7JZhYS35IewiKNHW7KMj,EGOIST,2019-06-26T12:47:55Z,255013,2012-09-19,False,26,,https://i.scdn.co/image/ab67616d0000b273a07bce1850bb99eecfd2f856
30NSoMPczRqrQJjq8NkPCx,Salvation,3qnMl4DHT4gndzFAcG4FlM,Kill The Noise,2019-06-24T10:12:26Z,176000,2019-05-17,False,42,https://p.scdn.co/mp3-preview/afb8dc434bc0da570ff049f0a544d1e9596f3e15?cid=774b29d4f13844c495f206cafdad9c86,https://i.scdn.co/image/ab67616d0000b27382c0b10f0f3d5fc3d5578ea4
4po8blw2QTCBBjgpoBN76V,Stronger,53M4Iv2RkzzxFFvW2B1jhC,Breathe Carolina,2019-06-11T10:14:58Z,142265,2019-03-15,False,28,https://p.scdn.co/mp3-preview/22017aeeec723189902c1efc52fa8bc21479781a?cid=774b29d4f13844c495f206cafdad9c86,https://i.scdn.co/image/ab67616d0000b2733717ea76c86ec11f0b0bbb4d
3yhInewGeB4AzUJKyz3SUR,What If,0tbeZu9lv8YEKSQ9tZSslu,Amber Mark,2019-06-10T10:48:10Z,215239,2019-06-07,False,53,https://p.scdn.co/mp3-preview/49792d58b5cd23d521a39d491a061ade9277d3b4?cid=774b29d4f13844c495f206cafdad9c86,https://i.scdn.co/image/ab67616d0000b27314aa025da68aedcb1400144d
0Y30sCKxtNQ2MRpl00aA03,Cherry,59oA5WbbQvomJz2BuRG071,Jungle,2019-06-07T12:15:50Z,196138,2018-09-14,False,24,,https://i.scdn.co/image/ab67616d0000b273ed7161514b659102e49bb589
7rJSE8d6HYFXXbbaJjAa6d,Voices,6nS5roXSAGhTGr34W6n7Et,Disclosure,2019-06-06T10:18:16Z,249094,2013-06-03,False,41,https://p.scdn.co/mp3-preview/9709162a7b6ad9c3fb1e2505a8faf697b2d55b68?cid=774b29d4f13844c495f206cafdad9c86,https://i.scdn.co/image/ab67616d0000b273d3462d1395189dc76a326031
32T61xmNSIXhGkEszzs0t8,Better - SG Lewis x Clairo,0GG2cWaonE4JPrjcCCQ1EG,SG Lewis,2019-06-06T08:58:18Z,193761,2018-07-06,False,60,https://p.scdn.co/mp3-preview/3575c7eb29df0109dd3bfacde39c2c1ffd4d1450?cid=774b29d4f13844c495f206cafdad9c86,https://i.scdn.co/image/ab67616d0000b273944367a82df1f6fe247587dd
6x2P4rSizcNieZOHuOR6VX,Cut Me Deep (feat. MAGIC!),0EmeFodog0BfCgMzAIvKQp,Shakira,2019-05-23T09:59:28Z,195800,2014-03-14,False,34,https://p.scdn.co/mp3-preview/cc3edf6271149f2084aa41951d15d63afa4dfe60?cid=774b29d4f13844c495f206cafdad9c86,https://i.scdn.co/image/ab67616d0000b2736acbe587dd91d142c5e364e1
0rQtoQXQfwpDW0c7Fw1NeM,!!!!!!!,6qqNVTkY8uBg9cP3Jd7DAH,Billie Eilish,2019-04-20T19:09:55Z,13578,2019-03-29,False,18,,https://i.scdn.co/image/ab67616d0000b27350a3147b4edd7701a876c6ce
2Fxmhks0bxGSBdJ92vM42m,bad guy,6qqNVTkY8uBg9cP3Jd7DAH,Billie Eilish,2019-04-20T19:09:55Z,194087,2019-03-29,False,87,https://p.scdn.co/mp3-preview/11fadb5f777b56f8800d67365bc0b50bfe0d827a?cid=774b29d4f13844c495f206cafdad9c86,https://i.scdn.co/image/ab67616d0000b27350a3147b4edd7701a876c6ce
4QIo4oxwzzafcBWkKjDpXY,xanny,6qqNVTkY8uBg9cP3Jd7DAH,Billie Eilish,2019-04-20T19:09:55Z,243725,2019-03-29,False,76,https://p.scdn.co/mp3-preview/5fd6ab983596b744017ac43471810ca810eba0e5?cid=774b29d4f13844c495f206cafdad9c86,https://i.scdn.co/image/ab67616d0000b27350a3147b4edd7701a876c6ce
3XF5xLJHOQQRbWya6hBp7d,you should see me in a crown,6qqNVTkY8uBg9cP3Jd7DAH,Billie Eilish,2019-04-20T19:09:55Z,180952,2019-03-29,False,79,https://p.scdn.co/mp3-preview/9670fda6c30abbced8a997fa42528c16a85952e4?cid=774b29d4f13844c495f206cafdad9c86,https://i.scdn.co/image/ab67616d0000b27350a3147b4edd7701a876c6ce
6IRdLKIyS4p7XNiP8r6rsx,all the good girls go to hell,6qqNVTkY8uBg9cP3Jd7DAH,Billie Eilish,2019-04-20T19:09:55Z,168839,2019-03-29,False,78,https://p.scdn.co/mp3-preview/434b270fdd3f3e889e6cd07a2b8d08f77e0ae5ae?cid=774b29d4f13844c495f206cafdad9c86,https://i.scdn.co/image/ab67616d0000b27350a3147b4edd7701a876c6ce
3Fj47GNK2kUF0uaEDgXLaD,wish you were gay,6qqNVTkY8uBg9cP3Jd7DAH,Billie Eilish,2019-04-20T19:09:55Z,221543,2019-03-29,False,79,https://p.scdn.co/mp3-preview/b356446fa6765a17f64a5bfad8a23bf1ce85a5ab?cid=774b29d4f13844c495f206cafdad9c86,https://i.scdn.co/image/ab67616d0000b27350a3147b4edd7701a876c6ce
43zdsphuZLzwA9k4DJhU0I,when the party's over,6qqNVTkY8uBg9cP3Jd7DAH,Billie Eilish,2019-04-20T19:09:55Z,196077,2019-03-29,False,85,https://p.scdn.co/mp3-preview/3ecac85b0a9e25bfb3ff85ab96c9d09ab164cb7b?cid=774b29d4f13844c495f206cafdad9c86,https://i.scdn.co/image/ab67616d0000b27350a3147b4edd7701a876c6ce
6X29iaaazwho3ab7GNue5r,8,6qqNVTkY8uBg9cP3Jd7DAH,Billie Eilish,2019-04-20T19:09:55Z,173201,2019-03-29,False,73,https://p.scdn.co/mp3-preview/584388395750c06c6540541938a6cda2ece7347b?cid=774b29d4f13844c495f206cafdad9c86,https://i.scdn.co/image/ab67616d0000b27350a3147b4edd7701a876c6ce
3Tc57t9l2O8FwQZtQOvPXK,my strange addiction,6qqNVTkY8uBg9cP3Jd7DAH,Billie Eilish,2019-04-20T19:09:55Z,179889,2019-03-29,False,76,https://p.scdn.co/mp3-preview/f7a6d7d8efcd88527c89dc7f22829a0166936735?cid=774b29d4f13844c495f206cafdad9c86,https://i.scdn.co/image/ab67616d0000b27350a3147b4edd7701a876c6ce
4SSnFejRGlZikf02HLewEF,bury a friend,6qqNVTkY8uBg9cP3Jd7DAH,Billie Eilish,2019-04-20T19:09:55Z,193143,2019-03-29,False,79,https://p.scdn.co/mp3-preview/697c874cdd9cfd73e1265673f389c86ecec31165?cid=774b29d4f13844c495f206cafdad9c86,https://i.scdn.co/image/ab67616d0000b27350a3147b4edd7701a876c6ce
7qEKqBCD2vE5vIBsrUitpD,ilomilo,6qqNVTkY8uBg9cP3Jd7DAH,Billie Eilish,2019-04-20T19:09:55Z,156370,2019-03-29,False,76,https://p.scdn.co/mp3-preview/0c231d89ded60a722669930c17211b0cb9186b2d?cid=774b29d4f13844c495f206cafdad9c86,https://i.scdn.co/image/ab67616d0000b27350a3147b4edd7701a876c6ce
0tMSssfxAL2oV8Vri0mFHE,listen before i go,6qqNVTkY8uBg9cP3Jd7DAH,Billie Eilish,2019-04-20T19:09:55Z,242652,2019-03-29,False,78,https://p.scdn.co/mp3-preview/df162bfd0308709df1f358567a5c5e83a0bfaf8b?cid=774b29d4f13844c495f206cafdad9c86,https://i.scdn.co/image/ab67616d0000b27350a3147b4edd7701a876c6ce
6CcJMwBtXByIz4zQLzFkKc,i love you,6qqNVTkY8uBg9cP3Jd7DAH,Billie Eilish,2019-04-20T19:09:55Z,291796,2019-03-29,False,81,https://p.scdn.co/mp3-preview/06503729fb99a9072fe40c9d529743eb4c9f6a59?cid=774b29d4f13844c495f206cafdad9c86,https://i.scdn.co/image/ab67616d0000b27350a3147b4edd7701a876c6ce
3LgWsmilsrWXiPYQFRD0T7,goodbye,6qqNVTkY8uBg9cP3Jd7DAH,Billie Eilish,2019-04-20T19:09:55Z,119409,2019-03-29,False,71,https://p.scdn.co/mp3-preview/e4358e41d21cdb8bb1c60b261371fa4bf6323ed0?cid=774b29d4f13844c495f206cafdad9c86,https://i.scdn.co/image/ab67616d0000b27350a3147b4edd7701a876c6ce
5ArNGisLzrNOIVwWajRRdt,Mein Herz brennt,6wWVKhxIU2cEi0K81v7HvP,Rammstein,2019-04-20T19:09:36Z,279893,2001-04-02,False,65,https://p.scdn.co/mp3-preview/47f98bfb64a86938021e22f9103b228c9e98c6b7?cid=774b29d4f13844c495f206cafdad9c86,https://i.scdn.co/image/ab67616d0000b2738b2c42026277efc3e058855b
1Cssm6TMieYSFz8gQyPzxa,MEIN LAND,6wWVKhxIU2cEi0K81v7HvP,Rammstein,2019-04-20T19:08:59Z,233186,2011-12-02,False,60,https://p.scdn.co/mp3-preview/2e0b338e3cdf4bb1e8203c254f367ff418142531?cid=774b29d4f13844c495f206cafdad9c86,https://i.scdn.co/image/ab67616d0000b2730ff111ab00e9682733a3b063
3gVhsZtseYtY1fMuyYq06F,Sonne,6wWVKhxIU2cEi0K81v7HvP,Rammstein,2019-04-20T19:08:25Z,272440,2001-04-02,False,70,https://p.scdn.co/mp3-preview/75f5361f7540deadf5207d673af34afdc7dd6461?cid=774b29d4f13844c495f206cafdad9c86,https://i.scdn.co/image/ab67616d0000b2738b2c42026277efc3e058855b
1T8IRUJBga0JXioJZvxjBR,DEUTSCHLAND,6wWVKhxIU2cEi0K81v7HvP,Rammstein,2019-04-20T19:08:19Z,322339,2019-03-28,False,67,https://p.scdn.co/mp3-preview/a16ac8b56d54533f3b848ed8c29df1a90828e534?cid=774b29d4f13844c495f206cafdad9c86,https://i.scdn.co/image/ab67616d0000b273d3bf489c4d50a40fbe8f77e7
6zws4OjURj5NQox7MvKunh,Crosty,4vGrte8FDu062Ntj0RsPiZ,Polyphia,2019-04-20T19:06:25Z,185751,2017-07-14,False,45,https://p.scdn.co/mp3-preview/8fa9c3fad8730bc7386d9bd7618e1945bf4a1598?cid=774b29d4f13844c495f206cafdad9c86,https://i.scdn.co/image/ab67616d0000b273c87f0133365b6e731ce4fb6f
5pNiAcguRrBdYf5V0QXdir,Get to You Again,0fTav4sBLmYOAzKuJw0grL,Mac Ayres,2019-04-20T13:38:42Z,267450,2018-09-05,False,58,https://p.scdn.co/mp3-preview/31a3eb1d86aa29e8a1b0b755a9dce60241d482d6?cid=774b29d4f13844c495f206cafdad9c86,https://i.scdn.co/image/ab67616d0000b2739cb53b7a34c898380cec05b2
79yScU3wNnv2yPF3awYqnU,New House,7pbDxGE6nQSZVfiFdq9lOL,Rex Orange County,2019-04-20T13:38:32Z,199052,2019-02-14,True,61,https://p.scdn.co/mp3-preview/ba488ae916b881749b6974e29de5e7df12475d85?cid=774b29d4f13844c495f206cafdad9c86,https://i.scdn.co/image/ab67616d0000b27323b4745d53df870568b45c53
02tvc9CFnTyHuSRlGeNv9w,Corduroy Dreams,7pbDxGE6nQSZVfiFdq9lOL,Rex Orange County,2019-04-20T13:38:30Z,206974,2016-11-07,True,74,https://p.scdn.co/mp3-preview/f2d1f2500bdff083647307b5f976dbe7e0d36403?cid=774b29d4f13844c495f206cafdad9c86,https://i.scdn.co/image/ab67616d0000b273dbf3c10406ac999c39bf4a97
47Bg6IrMed1GPbxRgwH2aC,Best Friend,7pbDxGE6nQSZVfiFdq9lOL,Rex Orange County,2019-04-20T13:38:29Z,262231,2017-01-25,True,79,https://p.scdn.co/mp3-preview/c3d4d60709c7441f949a1ff538d1cbbca90934ae?cid=774b29d4f13844c495f206cafdad9c86,https://i.scdn.co/image/ab67616d0000b27333a6b45fa8354efe37633964
4EpZ4eYuZOwPSSwyqpdHnJ,Sunflower,7pbDxGE6nQSZVfiFdq9lOL,Rex Orange County,2019-04-20T13:38:28Z,252230,2017-03-22,True,78,https://p.scdn.co/mp3-preview/561e89f54d6e333789baae4fb220713221e18f6c?cid=774b29d4f13844c495f206cafdad9c86,https://i.scdn.co/image/ab67616d0000b27315f4cfd072793fa7532e674a
5EYi2rH4LYs6M21ZLOyQTx,Loving Is Easy,7pbDxGE6nQSZVfiFdq9lOL,Rex Orange County,2019-04-20T13:38:26Z,155720,2017-10-11,True,77,https://p.scdn.co/mp3-preview/bce0365b96538116e07cb65fe3b3dbec560faae6?cid=774b29d4f13844c495f206cafdad9c86,https://i.scdn.co/image/ab67616d0000b273280a72fdd9bd502bcba6ada8
3MANUf7LqfyIw7f9lPQf0l,Lite Weight,3jK9MiCrA42lLAdMGUZpwa,Anderson .Paak,2019-04-02T06:58:33Z,206360,2016-01-15,True,45,https://p.scdn.co/mp3-preview/f84baf71037905965b17cdb63af84ed8caa63854?cid=774b29d4f13844c495f206cafdad9c86,https://i.scdn.co/image/ab67616d0000b2735e149abf2d24cd29e40c6b84
7eJHcwtrYbH4kHX7NnomZV,Real,4VNQWV2y1E97Eqo2D5UTjx,Gorgon City,2019-03-15T13:38:19Z,277279,2013-06-16,False,37,https://p.scdn.co/mp3-preview/bbbf8532af1a72b6dff4e4f876d04464498f6c16?cid=774b29d4f13844c495f206cafdad9c86,https://i.scdn.co/image/ab67616d0000b27329d8893d92e49a5ec4e215b0
1iiuYKdJrhOWt2LwSTyiVx,Body Talk,4bazJLWIv8CuqmgxJRiGqo,Just Kiddin,2019-03-15T13:38:06Z,196023,2018-06-08,False,46,https://p.scdn.co/mp3-preview/2488f9e40cd9506e3ceb6dde75c8049db98038cc?cid=774b29d4f13844c495f206cafdad9c86,https://i.scdn.co/image/ab67616d0000b27350f8fe44b61bfed310c2f56b
7H2Dg7400KhVlpnhQwxDHX,Shanduka,69hGavzu5tphYU1EIY0yEg,Jafaris,2019-03-15T12:18:27Z,247820,2019-03-08,True,11,https://p.scdn.co/mp3-preview/1a68d84d6fa4dd78d6db3e118717fe10004fe636?cid=774b29d4f13844c495f206cafdad9c86,https://i.scdn.co/image/ab67616d0000b2733b374b5238ff159c7bcd1d51
1CEtqjMBIlVgDbOOYtTtay,Temple,69hGavzu5tphYU1EIY0yEg,Jafaris,2019-03-15T12:18:24Z,178356,2019-03-08,True,11,https://p.scdn.co/mp3-preview/96412c171d736d785e39064f57fcf59e2f10fd56?cid=774b29d4f13844c495f206cafdad9c86,https://i.scdn.co/image/ab67616d0000b2733b374b5238ff159c7bcd1d51
3lhxzKGqc0VwXP2psaSzwg,Found My Feet,69hGavzu5tphYU1EIY0yEg,Jafaris,2019-03-15T12:18:19Z,180870,2019-03-08,False,22,https://p.scdn.co/mp3-preview/ae60414fdf165e0b6c47b101b1c931e30b296b99?cid=774b29d4f13844c495f206cafdad9c86,https://i.scdn.co/image/ab67616d0000b2733b374b5238ff159c7bcd1d51
4R63QllUHpyj7WxU56jiWg,Brother's Keeper,69hGavzu5tphYU1EIY0yEg,Jafaris,2019-03-15T12:18:16Z,134786,2019-03-08,False,11,https://p.scdn.co/mp3-preview/3b02eb59b4e0a1667ed28064034ea4ad139d565e?cid=774b29d4f13844c495f206cafdad9c86,https://i.scdn.co/image/ab67616d0000b2733b374b5238ff159c7bcd1d51
6NijhaDhaxRXhzjwP3cQiG,Set Free,2WMIMX93pQyfyAF2J2r1ID,Veorra,2019-03-15T11:47:28Z,196500,2015-11-06,False,53,https://p.scdn.co/mp3-preview/990956cd9e3d335e7efcb2e01ac3da5bd380360b?cid=774b29d4f13844c495f206cafdad9c86,https://i.scdn.co/image/ab67616d0000b27391d63963b8ce6964f03aafaf
2OH98J4Nl44rgwOAXa2Z7c,Don't Fuck With My Money,5ZbRDyTYX4HhXveONcZQn2,Mystery Skulls,2019-03-15T11:45:04Z,157250,2018-12-14,True,28,https://p.scdn.co/mp3-preview/137de80f9c9d6abe75fc5125ff0a8136f496d504?cid=774b29d4f13844c495f206cafdad9c86,https://i.scdn.co/image/ab67616d0000b273985c43694600fa923ecf6e0f
79uhSnEq3J7ww5v7yxpCvZ,Mechanic Heartbeat,7q7puZ5wtpfQe3doDb4834,Culprate,2019-03-13T17:55:31Z,209640,2018-01-19,False,42,https://p.scdn.co/mp3-preview/85f636df5e22da8611a90a4280bc6e42ea5a43ad?cid=774b29d4f13844c495f206cafdad9c86,https://i.scdn.co/image/ab67616d0000b273815c3d7e4cb1e7e29a290b09
20DInrAonQILzH7q8CvNVF,ADD,3XyvBNwsPBVhCXoYLNNQ84,dwilly,2019-03-06T16:29:16Z,175178,2018-02-13,False,43,https://p.scdn.co/mp3-preview/f684d360d7d453bdbdf0501b6941e28a2e1eb0c1?cid=774b29d4f13844c495f206cafdad9c86,https://i.scdn.co/image/ab67616d0000b273ba15391b4f50777acaacfa76
7uP42ncMnsgL3adyj9px5c,Livid,0PgYKqH7ohfAm9LFgWjpl8,ELIZA,2019-03-06T13:42:24Z,269354,2018-12-12,False,47,https://p.scdn.co/mp3-preview/a1647122b75067a196eddd54e3e9d2939e9b6bb5?cid=774b29d4f13844c495f206cafdad9c86,https://i.scdn.co/image/ab67616d0000b27344226cd6564cf46ff727b023
2NjYndZ70KjfYTdDCZEw0F,Hands Down,14mErTJ0ubFVjx2zBAwjkE,Brandyn Burnette,2019-03-05T07:56:15Z,183652,2018-04-10,False,0,,https://i.scdn.co/image/ab67616d0000b27364f95ae12fddd878f6915a93
4rhcqdXTzNX9uZRZybj3UP,Make It Rain,6eUKZXaKkcviH0Ku9w2n3V,Ed Sheeran,2019-02-27T16:15:39Z,404480,2015-11-13,False,56,https://p.scdn.co/mp3-preview/023c681dbee5ec3e361de2a805c9d17cf77b7b1b?cid=774b29d4f13844c495f206cafdad9c86,https://i.scdn.co/image/ab67616d0000b273407981084d79d283e24d428e
5ZjpTxdvsQ1UXfZsKNzgZl,Colorblind (feat. Tove Lo) - OddKidOut Remix,1tRsdSvjwp34PDvcmix6SJ,Karma Fields,2019-02-25T13:58:45Z,197538,2018-08-24,False,34,https://p.scdn.co/mp3-preview/5b25f34a84b42da13b44fb8ca75a0003d6db96ad?cid=774b29d4f13844c495f206cafdad9c86,https://i.scdn.co/image/ab67616d0000b273e76f0e751cb813df76df197b
0Df7X8bZNDvF4KRl8EoVSj,Friends Again (feat. Claire Ridgely),4sGfNIfA14nKOKNi9NNQ12,LVTHER,2019-02-25T13:52:23Z,196363,2018-03-20,False,0,,https://i.scdn.co/image/ab67616d0000b273e5c4dfcb3926afd0d5ed3bb9
4NzMOnvSJVNKF7nw5NkXIP,bury a friend,6qqNVTkY8uBg9cP3Jd7DAH,Billie Eilish,2019-02-16T19:32:07Z,193143,2019-01-30,False,2,,https://i.scdn.co/image/ab67616d0000b2733ce730c58a503c27c565ce3d
5oCUFGQZvpOySLK1d1rgv1,Let Me Hear That,7aUSp5cOZlwEtd5zPC795k,Haywyre,2019-02-16T17:52:28Z,200727,2019-02-08,False,41,https://p.scdn.co/mp3-preview/07fe33d9c981711d230901745561953df19f113e?cid=774b29d4f13844c495f206cafdad9c86,https://i.scdn.co/image/ab67616d0000b273db4e634c9f75656e59baeecf
2TsASKFLtMb6M1D8W42pS3,Contagious,7aUSp5cOZlwEtd5zPC795k,Haywyre,2019-02-16T17:52:04Z,233739,2019-02-15,False,41,https://p.scdn.co/mp3-preview/c8ad53df4e41a55543ece82ae5407b14125e0e32?cid=774b29d4f13844c495f206cafdad9c86,https://i.scdn.co/image/ab67616d0000b2732418e9bb042f86f0324c5fd3
54qtr7ZXeizf37zTLT0WbM,Let's Get Lost,3rxeQlsv0Sc2nyYaZ5W71T,Chet Baker,2019-02-05T16:21:16Z,224506,2008-11-24,False,0,,https://i.scdn.co/image/ab67616d0000b2734836dcbba9f9fcdc54231f8c
37BoZ4KSmPsj28TlO7WM24,You Don't Know What Love Is,3rxeQlsv0Sc2nyYaZ5W71T,Chet Baker,2019-02-05T16:21:16Z,293760,2008-11-24,False,0,,https://i.scdn.co/image/ab67616d0000b2734836dcbba9f9fcdc54231f8c
6R7TBrLO5PXDpb3xkXgzvc,But Not For Me,3rxeQlsv0Sc2nyYaZ5W71T,Chet Baker,2019-02-05T16:21:16Z,183893,2008-11-24,False,0,,https://i.scdn.co/image/ab67616d0000b2734836dcbba9f9fcdc54231f8c
52Sqymsu84IstZnvB1ki1M,Time After Time,3rxeQlsv0Sc2nyYaZ5W71T,Chet Baker,2019-02-05T16:21:16Z,166746,2008-11-24,False,0,,https://i.scdn.co/image/ab67616d0000b2734836dcbba9f9fcdc54231f8c
72x4Oi8u18Wu4ZJ3cqmJHu,There Will Never Be Another You,3rxeQlsv0Sc2nyYaZ5W71T,Chet Baker,2019-02-05T16:21:16Z,179866,2008-11-24,False,0,,https://i.scdn.co/image/ab67616d0000b2734836dcbba9f9fcdc54231f8c
4Pk8rZ5l4a21Vib3VjWLKf,Look For The Silver Lining,3rxeQlsv0Sc2nyYaZ5W71T,Chet Baker,2019-02-05T16:21:16Z,160706,2008-11-24,False,0,,https://i.scdn.co/image/ab67616d0000b2734836dcbba9f9fcdc54231f8c
5ciKo7zH9Ey4ed6Psslite,My Funny Valentine,3rxeQlsv0Sc2nyYaZ5W71T,Chet Baker,2019-02-05T16:21:16Z,140386,2008-11-24,False,0,,https://i.scdn.co/image/ab67616d0000b2734836dcbba9f9fcdc54231f8c
7pGsmJ4ud5ljOqMsTKWAZU,I Fall In Love Too Easily,3rxeQlsv0Sc2nyYaZ5W71T,Chet Baker,2019-02-05T16:21:16Z,200413,2008-11-24,False,0,,https://i.scdn.co/image/ab67616d0000b2734836dcbba9f9fcdc54231f8c
3Tpes13WNKQ0IhANzxw5Jt,That Old Feeling,3rxeQlsv0Sc2nyYaZ5W71T,Chet Baker,2019-02-05T16:21:16Z,183693,2008-11-24,False,0,,https://i.scdn.co/image/ab67616d0000b2734836dcbba9f9fcdc54231f8c
01mrlEk1DEcsB5GehwYnJ4,Sad Walk,3rxeQlsv0Sc2nyYaZ5W71T,Chet Baker,2019-02-05T16:21:16Z,254506,2008-11-24,False,0,,https://i.scdn.co/image/ab67616d0000b2734836dcbba9f9fcdc54231f8c
00R1RlQckL0wFQkJ3TIMR0,Summertime,3rxeQlsv0Sc2nyYaZ5W71T,Chet Baker,2019-02-05T16:21:16Z,256893,2008-11-24,False,0,,https://i.scdn.co/image/ab67616d0000b2734836dcbba9f9fcdc54231f8c
3PVloorLGH9x1hRsDiEYv2,Lover Man,3rxeQlsv0Sc2nyYaZ5W71T,Chet Baker,2019-02-05T16:21:16Z,293213,2008-11-24,False,0,,https://i.scdn.co/image/ab67616d0000b2734836dcbba9f9fcdc54231f8c
26NifCZbUhqOsaI9TiplpP,These Foolish Things,3rxeQlsv0Sc2nyYaZ5W71T,Chet Baker,2019-02-05T16:21:16Z,283880,2008-11-24,False,0,,https://i.scdn.co/image/ab67616d0000b2734836dcbba9f9fcdc54231f8c
21RNnsOkeQWa7hT6aWFSm1,I'll Remember April,3rxeQlsv0Sc2nyYaZ5W71T,Chet Baker,2019-02-05T16:21:16Z,354960,2008-11-24,False,0,,https://i.scdn.co/image/ab67616d0000b2734836dcbba9f9fcdc54231f8c
3B1gSzd56pSbE6Poy6eMed,Maid In Mexico,3rxeQlsv0Sc2nyYaZ5W71T,Chet Baker,2019-02-05T16:21:16Z,175066,2008-11-24,False,0,,https://i.scdn.co/image/ab67616d0000b2734836dcbba9f9fcdc54231f8c
4GLmF7xG9HQ2OdWMrBD5iG,Easy To Love,3rxeQlsv0Sc2nyYaZ5W71T,Chet Baker,2019-02-05T16:21:16Z,180840,2008-11-24,False,0,,https://i.scdn.co/image/ab67616d0000b2734836dcbba9f9fcdc54231f8c
1ieZQTh3RYhcZ2Vm9STjQc,Band Aid,3rxeQlsv0Sc2nyYaZ5W71T,Chet Baker,2019-02-05T16:21:16Z,167186,2008-11-24,False,0,,https://i.scdn.co/image/ab67616d0000b2734836dcbba9f9fcdc54231f8c
4gBBc0yFNcv0EHpl60atG0,Happy Little Sunbeam,3rxeQlsv0Sc2nyYaZ5W71T,Chet Baker,2019-02-05T16:21:16Z,166946,2008-11-24,False,0,,https://i.scdn.co/image/ab67616d0000b2734836dcbba9f9fcdc54231f8c
0nXmdWmE3xRwYsVvWMHGF3,Line For Lyons,3rxeQlsv0Sc2nyYaZ5W71T,Chet Baker,2019-02-05T16:21:16Z,153493,2008-11-24,False,0,,https://i.scdn.co/image/ab67616d0000b2734836dcbba9f9fcdc54231f8c
6sGmJRTMInOC9FFvbGHl4A,Freeway,3rxeQlsv0Sc2nyYaZ5W71T,Chet Baker,2019-02-05T16:21:16Z,166880,2008-11-24,False,0,,https://i.scdn.co/image/ab67616d0000b2734836dcbba9f9fcdc54231f8c
1v3KHsHcRdWkBW0njbbPY9,Cherry,3rxeQlsv0Sc2nyYaZ5W71T,Chet Baker,2019-02-05T16:21:16Z,179186,2008-11-24,False,0,,https://i.scdn.co/image/ab67616d0000b2734836dcbba9f9fcdc54231f8c
1aBnYK3ki5OdfWaQrfnYmt,Festive Minor,3rxeQlsv0Sc2nyYaZ5W71T,Chet Baker,2019-02-05T16:21:16Z,254373,2008-11-24,False,0,,https://i.scdn.co/image/ab67616d0000b2734836dcbba9f9fcdc54231f8c
1RUHkUW6xgCvUw6BlM3ndz,Aries,3wkHMiy2I0PuYIh9JNyqVk,Xan Griffin,2019-02-05T16:19:46Z,234866,2018-05-24,False,31,https://p.scdn.co/mp3-preview/5c036f04325f84fe320f7be767b29e4d4258579e?cid=774b29d4f13844c495f206cafdad9c86,https://i.scdn.co/image/ab67616d0000b273e25aef0e8325525f37970977
1OTTRGI33Z5HqI8tjFj4AZ,Gemini,3wkHMiy2I0PuYIh9JNyqVk,Xan Griffin,2019-02-05T16:19:46Z,259573,2018-05-24,False,29,https://p.scdn.co/mp3-preview/bf9f2021456883e99bf06a34543908e34e785cde?cid=774b29d4f13844c495f206cafdad9c86,https://i.scdn.co/image/ab67616d0000b273e25aef0e8325525f37970977
0L0FtCN5eaXTImnsWp0Eiu,Cancer,3wkHMiy2I0PuYIh9JNyqVk,Xan Griffin,2019-02-05T16:19:46Z,255497,2018-05-24,False,31,https://p.scdn.co/mp3-preview/2a698ea1b0611fd33345e2971c1b84459eeec134?cid=774b29d4f13844c495f206cafdad9c86,https://i.scdn.co/image/ab67616d0000b273e25aef0e8325525f37970977
1hSgvuChpwX5Vwuyqz2p4y,Virgo,3wkHMiy2I0PuYIh9JNyqVk,Xan Griffin,2019-02-05T16:19:46Z,230450,2018-05-24,False,23,https://p.scdn.co/mp3-preview/af1f137ecb87fa9d9519b6b55fe4fe461271b5db?cid=774b29d4f13844c495f206cafdad9c86,https://i.scdn.co/image/ab67616d0000b273e25aef0e8325525f37970977
0vR182d2lIA3Rl7Y1sLYv9,Pisces,3wkHMiy2I0PuYIh9JNyqVk,Xan Griffin,2019-02-05T16:19:46Z,331232,2018-05-24,False,23,https://p.scdn.co/mp3-preview/de63196de7ac8e408542cbe15b44ac485833bd1c?cid=774b29d4f13844c495f206cafdad9c86,https://i.scdn.co/image/ab67616d0000b273e25aef0e8325525f37970977
4THvALrKGKvQCMs7b19jTQ,Taurus,3wkHMiy2I0PuYIh9JNyqVk,Xan Griffin,2019-02-05T16:19:46Z,183178,2018-05-24,False,31,https://p.scdn.co/mp3-preview/83a606487dfdbc42af8a0b5ba08fda0d5943a72e?cid=774b29d4f13844c495f206cafdad9c86,https://i.scdn.co/image/ab67616d0000b273e25aef0e8325525f37970977
23x6ZzrWDJRQ4mrha2jbTw,Leo,3wkHMiy2I0PuYIh9JNyqVk,Xan Griffin,2019-02-05T16:19:46Z,296012,2018-05-24,False,26,https://p.scdn.co/mp3-preview/72d877459482414206938c6200269bea2cdf4469?cid=774b29d4f13844c495f206cafdad9c86,https://i.scdn.co/image/ab67616d0000b273e25aef0e8325525f37970977
40XCP4kNKpVNKgFwK10UKN,Libra,3wkHMiy2I0PuYIh9JNyqVk,Xan Griffin,2019-02-05T16:19:46Z,247196,2018-05-24,False,22,https://p.scdn.co/mp3-preview/dac8dde559e06b29ad07a63e8e3fd3869b03a822?cid=774b29d4f13844c495f206cafdad9c86,https://i.scdn.co/image/ab67616d0000b273e25aef0e8325525f37970977
7M7IcCR6vA6d0a9Dmx44En,Scorpio,3wkHMiy2I0PuYIh9JNyqVk,Xan Griffin,2019-02-05T16:19:46Z,288870,2018-05-24,False,28,https://p.scdn.co/mp3-preview/2eec573e5c442a26ea323214645afb99caaa0a48?cid=774b29d4f13844c495f206cafdad9c86,https://i.scdn.co/image/ab67616d0000b273e25aef0e8325525f37970977
4ZGQj3fjg6mwi6erXdiToI,Sagittarius,3wkHMiy2I0PuYIh9JNyqVk,Xan Griffin,2019-02-05T16:19:46Z,225437,2018-05-24,False,24,https://p.scdn.co/mp3-preview/da731fda2f4c23493ac3f892275825fa4a4ea49d?cid=774b29d4f13844c495f206cafdad9c86,https://i.scdn.co/image/ab67616d0000b273e25aef0e8325525f37970977
51UIZAoYfDFEpRZE2eOaN3,Capricorn,3wkHMiy2I0PuYIh9JNyqVk,Xan Griffin,2019-02-05T16:19:46Z,262187,2018-05-24,False,44,https://p.scdn.co/mp3-preview/ae17820e6c3c3ca92588ab91f29a7f417fed75e6?cid=774b29d4f13844c495f206cafdad9c86,https://i.scdn.co/image/ab67616d0000b273e25aef0e8325525f37970977
1waAaNqcGdVhFlwGmuZh44,Aquarius,3wkHMiy2I0PuYIh9JNyqVk,Xan Griffin,2019-02-05T16:19:46Z,254221,2018-05-24,False,24,https://p.scdn.co/mp3-preview/7f6d02182553627f95b70a45b6d9d9f2f544ce5f?cid=774b29d4f13844c495f206cafdad9c86,https://i.scdn.co/image/ab67616d0000b273e25aef0e8325525f37970977
3pvEXALEmELng1VDbRHnoY,Ophiuchus,3wkHMiy2I0PuYIh9JNyqVk,Xan Griffin,2019-02-05T16:19:46Z,235102,2018-05-24,False,20,https://p.scdn.co/mp3-preview/5538b345a6239070113230d9d9a5cd201a5f4235?cid=774b29d4f13844c495f206cafdad9c86,https://i.scdn.co/image/ab67616d0000b273e25aef0e8325525f37970977
2dpu9zUnOH6FMDlov5QtHl,Zodiac,3wkHMiy2I0PuYIh9JNyqVk,Xan Griffin,2019-02-05T16:19:46Z,256480,2018-05-24,False,22,https://p.scdn.co/mp3-preview/b5b725ba7f0c727745d47960f010f7d9758f173f?cid=774b29d4f13844c495f206cafdad9c86,https://i.scdn.co/image/ab67616d0000b273e25aef0e8325525f37970977
02CygBCQOIyEuhNZqHHcNx,It Runs Through Me,1uiEZYehlNivdK3iQyAbye,Tom Misch,2019-02-02T23:31:31Z,261881,2018-04-06,False,68,https://p.scdn.co/mp3-preview/6ec8dea9c6c0c1d1e512c1103c0218f3a22ea2fd?cid=774b29d4f13844c495f206cafdad9c86,https://i.scdn.co/image/ab67616d0000b2732aebf42d8901fbcd14c9eca8
4XKUhcxRM6Qnos3HgtkOBo,Nasty,4vGrte8FDu062Ntj0RsPiZ,Polyphia,2019-02-02T20:04:51Z,280314,2018-10-12,False,46,https://p.scdn.co/mp3-preview/6b4f0bcd1031cb9889e8c7efcb05af15961b17fc?cid=774b29d4f13844c495f206cafdad9c86,https://i.scdn.co/image/ab67616d0000b2736c53296d97eaae59f63805ff
0cOK5HQ7XegQnGfy16ujrU,O.D.,4vGrte8FDu062Ntj0RsPiZ,Polyphia,2019-02-02T20:04:51Z,202163,2018-10-12,False,46,https://p.scdn.co/mp3-preview/4fc3723f5c2750ce41f827749082a29d217ba7e2?cid=774b29d4f13844c495f206cafdad9c86,https://i.scdn.co/image/ab67616d0000b2736c53296d97eaae59f63805ff
0oQCv6YGrkuibAmppmXzsD,Death Note,4vGrte8FDu062Ntj0RsPiZ,Polyphia,2019-02-02T20:04:51Z,220115,2018-10-12,False,42,https://p.scdn.co/mp3-preview/9b97861a38898ba247fa687057a6ee4501ef7065?cid=774b29d4f13844c495f206cafdad9c86,https://i.scdn.co/image/ab67616d0000b2736c53296d97eaae59f63805ff
4gzZZ7fxZQfj05RnWO4NwJ,Bad,4vGrte8FDu062Ntj0RsPiZ,Polyphia,2019-02-02T20:04:51Z,235438,2018-10-12,False,40,https://p.scdn.co/mp3-preview/79f7ab3b6ffc9934f622b5de3634058079518ada?cid=774b29d4f13844c495f206cafdad9c86,https://i.scdn.co/image/ab67616d0000b2736c53296d97eaae59f63805ff
3rw37snQHiggVrWGbtAwZM,Drown,4vGrte8FDu062Ntj0RsPiZ,Polyphia,2019-02-02T20:04:51Z,234128,2018-10-12,False,39,https://p.scdn.co/mp3-preview/98b104a6cde1698c517575b78d8d33eebba420be?cid=774b29d4f13844c495f206cafdad9c86,https://i.scdn.co/image/ab67616d0000b2736c53296d97eaae59f63805ff
5c68ii21CWTX1DuMWTIsO7,Yas,4vGrte8FDu062Ntj0RsPiZ,Polyphia,2019-02-02T20:04:51Z,202552,2018-10-12,False,42,https://p.scdn.co/mp3-preview/59ba81279257f4163381bd5a3c4c812ed770a1e4?cid=774b29d4f13844c495f206cafdad9c86,https://i.scdn.co/image/ab67616d0000b2736c53296d97eaae59f63805ff
6NatBOifiBW6JH0y5I15st,So Strange,4vGrte8FDu062Ntj0RsPiZ,Polyphia,2019-02-02T20:04:51Z,240005,2018-10-12,False,46,https://p.scdn.co/mp3-preview/ee3c18c9b6d795e4ac44ca56804d2dd9ddcfdb4e?cid=774b29d4f13844c495f206cafdad9c86,https://i.scdn.co/image/ab67616d0000b2736c53296d97eaae59f63805ff
2aVWCXL7MeyrittWW41GPg,Rich Kids,4vGrte8FDu062Ntj0RsPiZ,Polyphia,2019-02-02T20:04:51Z,201800,2018-10-12,False,39,https://p.scdn.co/mp3-preview/b320d59113481c7fc6a072a5ba4b9fb2a27af056?cid=774b29d4f13844c495f206cafdad9c86,https://i.scdn.co/image/ab67616d0000b2736c53296d97eaae59f63805ff
0maCwhZTO3PybhSiQcsjAf,G.O.A.T.,4vGrte8FDu062Ntj0RsPiZ,Polyphia,2019-02-02T20:04:51Z,215998,2018-10-12,False,56,https://p.scdn.co/mp3-preview/d1a337daf0f5653c78a9cdcdb8987cf312fdfbf8?cid=774b29d4f13844c495f206cafdad9c86,https://i.scdn.co/image/ab67616d0000b2736c53296d97eaae59f63805ff
3jevgr3fYdv9wYO3IDJq2a,Awaken,47mIJdHORyRerp4os813jD,League of Legends,2019-02-02T20:00:00Z,198187,2019-01-22,False,68,https://p.scdn.co/mp3-preview/b6a4bbff4320563ae4b18db6476ba264ce680276?cid=774b29d4f13844c495f206cafdad9c86,https://i.scdn.co/image/ab67616d0000b2730dc777f04e02631c126e16e0
5sbooPcNgIE22DwO0VNGUJ,POP/STARS,4gOc8TsQed9eqnqJct2c5v,K/DA,2019-02-02T19:59:50Z,191100,2018-11-03,False,75,https://p.scdn.co/mp3-preview/c8c6086726d7cac2697ac2f2b67089b83437368c?cid=774b29d4f13844c495f206cafdad9c86,https://i.scdn.co/image/ab67616d0000b273d1241debb8543af8322a7d6a
14msK75pk3pA33pzPVNtBF,7 rings,66CXWjxzNUsdJxJ2JdwvnR,Ariana Grande,2019-02-02T19:58:57Z,178640,2019-01-18,True,5,,https://i.scdn.co/image/ab67616d0000b2739b41e8830f63dc7aad79ec59
5cF0dROlMOK5uNZtivgu50,Attention,6VuMaDnrHyPL1p4EHjYLi7,Charlie Puth,2019-02-02T19:58:42Z,208786,2018-05-11,False,81,https://p.scdn.co/mp3-preview/d7369d506a0647ccd433c7d0ec290d8be52c186f?cid=774b29d4f13844c495f206cafdad9c86,https://i.scdn.co/image/ab67616d0000b273897f73256b9128a9d70eaf66
5RlnaP0fe68jW0Fbk8HGc3,Stepping Stones,7aUSp5cOZlwEtd5zPC795k,Haywyre,2019-02-01T02:39:47Z,110608,2018-11-30,False,0,,https://i.scdn.co/image/ab67616d0000b2738f8d44a8e785a229af72ef14
4NuPdKidxtkTsUN2CdOxUf,Tell Me,7aUSp5cOZlwEtd5zPC795k,Haywyre,2019-02-01T02:39:47Z,258782,2018-11-30,False,0,,https://i.scdn.co/image/ab67616d0000b2738f8d44a8e785a229af72ef14
2UacwEcHVBhQUzyCO6xUn4,Storyteller,7aUSp5cOZlwEtd5zPC795k,Haywyre,2019-02-01T02:39:47Z,210352,2018-11-30,False,0,,https://i.scdn.co/image/ab67616d0000b2738f8d44a8e785a229af72ef14
06fIWU0Frsv0ON08fSNa6D,Square One,7aUSp5cOZlwEtd5zPC795k,Haywyre,2019-02-01T02:39:47Z,285957,2018-11-30,False,0,,https://i.scdn.co/image/ab67616d0000b2738f8d44a8e785a229af72ef14
7os2GAUEU2A5l9iW7ZylaP,"Context, Pt. 1",7aUSp5cOZlwEtd5zPC795k,Haywyre,2019-02-01T02:39:47Z,194526,2018-11-30,False,0,,https://i.scdn.co/image/ab67616d0000b2738f8d44a8e785a229af72ef14
3q2fLYW1wHMEhu6qISkAvp,Blind Faith,7aUSp5cOZlwEtd5zPC795k,Haywyre,2019-02-01T02:39:47Z,174451,2018-11-30,False,0,,https://i.scdn.co/image/ab67616d0000b2738f8d44a8e785a229af72ef14
3mLW9wLxYnbls1LiT8DGQ8,If I Ain't Got You,1e16kiJQtCTveTl7TQnkFN,Scary Pockets,2019-01-11T17:40:22Z,174000,2017-11-13,False,16,,https://i.scdn.co/image/ab67616d0000b2730d6961d35e41ce69ed6228b5
1Yxbxg5R6dQcYmOdjvlXP0,Roll The Bones - Audiotree Live Version,1fZpYWNWdL5Z3wrDtISFUH,Shakey Graves,2019-01-11T17:38:45Z,291596,2013,False,61,https://p.scdn.co/mp3-preview/24cb0df0db74591214a84c288233b61d08929429?cid=774b29d4f13844c495f206cafdad9c86,https://i.scdn.co/image/ab67616d0000b27323f53d45b6b71f48231ad2f0
0FNLnZRNWEIbGsb8jkU2lv,Champion,5tFRohaO5yEsuJxmMnlCO9,Barns Courtney,2019-01-11T17:07:58Z,190360,2017-09-29,False,59,https://p.scdn.co/mp3-preview/de40c44e559b4f751a05509876655300c15967e1?cid=774b29d4f13844c495f206cafdad9c86,https://i.scdn.co/image/ab67616d0000b2732a9e5743f2d7c93c43fee849
6GhbOWkcKepCv564xd0ees,No Roots,7f0OLhGgBMX9fUjm1dcPip,Alice Merton,2019-01-11T17:03:58Z,237053,2017-02-03,False,28,https://p.scdn.co/mp3-preview/adbb921482b0b2684a54ee836e0f03e025d9d044?cid=774b29d4f13844c495f206cafdad9c86,https://i.scdn.co/image/ab67616d0000b273bf27c43b9ab39eaa5eb54ef3
51NFxnQvaosfDDutk0tams,bellyache,6qqNVTkY8uBg9cP3Jd7DAH,Billie Eilish,2019-01-04T14:09:58Z,179172,2017-02-24,False,75,https://p.scdn.co/mp3-preview/0072db53fb276effff139d588f0cb6412f60ba9a?cid=774b29d4f13844c495f206cafdad9c86,https://i.scdn.co/image/ab67616d0000b2734adbeb26299adca766cec2c5
6RKgqBMel196p8kmL2kZNN,Lonely Town,7pXu47GoqSYRajmBCjxdD6,Vulfpeck,2018-12-24T04:20:21Z,174614,2018-12-07,False,0,,https://i.scdn.co/image/ab67616d0000b27347fc9a4dd73f3a28ee278d7c
5KboIqx30dztT6wmEVFn17,Baby I Don’t Know Oh Oh (feat. Charles Jones),7pXu47GoqSYRajmBCjxdD6,Vulfpeck,2018-12-24T04:20:19Z,208954,2017-11-07,False,53,https://p.scdn.co/mp3-preview/b9fc1f12150225376fa4a1c5bb1e0a16550f93d8?cid=774b29d4f13844c495f206cafdad9c86,https://i.scdn.co/image/ab67616d0000b273db60f3fbd5e4d1996802b9dc
1SHA4IJyiyNobDOrQzFFXy,Animal Spirits,7pXu47GoqSYRajmBCjxdD6,Vulfpeck,2018-12-24T04:20:18Z,190801,2016-10-17,False,57,https://p.scdn.co/mp3-preview/29a5b5ddcbe54267a2711e42c662314e154a3a3f?cid=774b29d4f13844c495f206cafdad9c86,https://i.scdn.co/image/ab67616d0000b273325ed53cf3123d2dd3e31556
1oOD1pV43cV9sHg97aBdLs,Dean Town,7pXu47GoqSYRajmBCjxdD6,Vulfpeck,2018-12-24T04:20:10Z,213302,2016-10-17,False,57,https://p.scdn.co/mp3-preview/bb5097bd49baed573ced30273b49079e42537357?cid=774b29d4f13844c495f206cafdad9c86,https://i.scdn.co/image/ab67616d0000b273325ed53cf3123d2dd3e31556
39rHfrVqCX6A55GF7uOZSC,1612,7pXu47GoqSYRajmBCjxdD6,Vulfpeck,2018-12-24T04:20:09Z,199639,2014-08-26,False,58,https://p.scdn.co/mp3-preview/ac2e0daf53d6b58ec897468d67b0b59f7ea903b6?cid=774b29d4f13844c495f206cafdad9c86,https://i.scdn.co/image/ab67616d0000b273ffce27a5dbb342d2c2d738c4
48wH8bAxvBJO2l14GmNLz7,Wait for the Moment,7pXu47GoqSYRajmBCjxdD6,Vulfpeck,2018-12-24T04:20:07Z,230676,2013-12-06,False,60,https://p.scdn.co/mp3-preview/cf3243369a3ace437df5e681220f5af4c7763c68?cid=774b29d4f13844c495f206cafdad9c86,https://i.scdn.co/image/ab67616d0000b2739c992e56b06bfe14f2a7329c
1TIiWomS4i0Ikaf9EKdcLn,disco tits,4NHQUGzhtTLFvgF5SZesLK,Tove Lo,2018-12-24T04:19:55Z,223794,2017-11-17,True,64,https://p.scdn.co/mp3-preview/ea2078963189b7d7977eb5d36248a6a8e9d18457?cid=774b29d4f13844c495f206cafdad9c86,https://i.scdn.co/image/ab67616d0000b2735a032c46b63b202e76ebaffe
5N5k9nd479b1xpDZ4usjrg,Promises (with Sam Smith),7CajNmpbOovFoOoasH2HaY,Calvin Harris,2018-12-24T04:19:36Z,213309,2018-08-17,False,78,https://p.scdn.co/mp3-preview/c78e0a33c394091314b35a2fd42b0102cc8fb1cd?cid=774b29d4f13844c495f206cafdad9c86,https://i.scdn.co/image/ab67616d0000b273ccdcbd450e42fc7b27a82a1f
6q5PWlVAnTNvVmeW9aXGq5,Nina Cried Power (feat. Mavis Staples),2FXC3k01G6Gw61bmprjgqS,Hozier,2018-12-21T15:05:49Z,225213,2018-09-06,False,37,https://p.scdn.co/mp3-preview/653fb243a941daa76fa07e5f01ea5d66b9c0de75?cid=774b29d4f13844c495f206cafdad9c86,https://i.scdn.co/image/ab67616d0000b2739dd6a05e3dca81a1e7f0a184
3n868AZwkYpZ37HBot2eeH,Tony Mitraglia - Anomalie Remix,6NCmo1s0hwUAFNDAh1E9y4,Teo Collori,2018-12-16T16:59:29Z,224181,2017-03-31,False,22,https://p.scdn.co/mp3-preview/9ca945d7da3a436e85005ed2124f33a555b78958?cid=774b29d4f13844c495f206cafdad9c86,https://i.scdn.co/image/ab67616d0000b2739b245cb0ae1d7701dd052af3
5zeHaAHMshji4eWfAo5pNZ,Red Lights (feat. Dotter),6BNaPZdAIZAJnbgJRiZz2w,Kill Paris,2018-12-16T16:54:27Z,209454,2017-09-20,True,0,,https://i.scdn.co/image/ab67616d0000b273bafa8864070842871d3117f5
5NNFP3f9nTKsEuVwKlWYZc,Come Around,5Ayl2bJtN5mdCsxZoxs9n1,Collie Buddz,2018-12-15T22:34:32Z,221506,2006,False,54,https://p.scdn.co/mp3-preview/80672ada0a3a479e1b699d2dbe59789107029f4d?cid=774b29d4f13844c495f206cafdad9c86,https://i.scdn.co/image/ab67616d0000b27351e7c63533d4f4db4f31932e
